{
    "inside": [
      [0.6721751810634596, 0.18449311250437642],
      [-0.042169919316812694, 0.49680717330122753],
      [0.036908766218045196, 0.23196814194239498],
      [-0.18516646555268645, -0.16324434635897248],
      [0.19909138385183697, -0.20702094026594725],
      [-0.2623894406811841, 0.4468810030788092],
      [0.619550362174564, 0.03980697858179339],
      [0.4418628679007078, -0.0039497588794656585],
      [0.2802286875966722, -0.3525718017732991],
      [0.07448927922989906, -0.4973644925498143],
      [0.6422888179711995, -0.0035410965993326157],
      [0.039664220315716536, 0.34884886593497205],
      [0.4825251758452453, 0.5597992922297098],
      [-0.12480141590985117, 0.3639607311580515],
      [0.45864564291438903, 0.5039088481769888],
      [0.4953345038557703, 0.29819697998837763],
      [0.2106700620743459, -0.2647756656167547],
      [-0.16518914904666915, 0.31212217489262595],
      [0.23046293495668924, -0.013246417684656153]
    ],
    "outside": [
      [0.8281937591326639, -0.48370952458304206],
      [-0.7858693510608477, -0.23619862036716505],
      [-0.71001136864972, 0.41404672725112407],
      [-0.4664238951665492, 0.7619952612050831],
      [-0.457969679633352, 0.6615982411339161],
      [0.5983181292607914, -0.8221655651644655],
      [0.8221320333779605, -0.15771200790888465],
      [-0.49537312338291506, -0.7711426700819444],
      [-0.7422364964100625, 0.7182224765639817],
      [-0.6377879808015602, 0.5664880970210512],
      [-0.9306163344230406, 0.40367110070906637],
      [-0.8220373822748085, 0.6909977471317875],
      [0.8486753113201562, 0.63804443731353],
      [-0.6326025764414666, -0.5660631348100686],
      [-0.7988878989878563, -0.7972747092759437],
      [0.8665672650446975, 0.09077183191199585],
      [0.8297187116097032, -0.19949614828904294],
      [-0.7881099342086356, 0.5319196165347493],
      [-0.6965345338796621, 0.034560747319591745],
      [-0.5844695109910769, 0.8287781873912904]
    ]
  }